sequential_site,reference_site,sequential_wt,region,rbs_region,chain
1,11,D,HA1,outside RBS,A
2,12,K,HA1,outside RBS,A
3,13,I,HA1,outside RBS,A
4,14,C,HA1,outside RBS,A
5,15,L,HA1,outside RBS,A
6,16,G,HA1,outside RBS,A
7,17,H,HA1,outside RBS,A
8,18,H,HA1,outside RBS,A
9,19,A,HA1,outside RBS,A
10,20,V,HA1,outside RBS,A
11,21,S,HA1,outside RBS,A
12,22,N,HA1,outside RBS,A
13,23,G,HA1,outside RBS,A
14,24,T,HA1,outside RBS,A
15,25,K,HA1,outside RBS,A
16,26,V,HA1,outside RBS,A
17,27,N,HA1,outside RBS,A
18,28,T,HA1,outside RBS,A
19,29,L,HA1,outside RBS,A
20,30,T,HA1,outside RBS,A
21,31,E,HA1,outside RBS,A
22,32,R,HA1,outside RBS,A
23,33,G,HA1,outside RBS,A
24,34,V,HA1,outside RBS,A
25,35,E,HA1,outside RBS,A
26,36,V,HA1,outside RBS,A
27,37,V,HA1,outside RBS,A
28,38,N,HA1,outside RBS,A
29,39,A,HA1,outside RBS,A
30,40,T,HA1,outside RBS,A
31,41,E,HA1,outside RBS,A
32,42,T,HA1,outside RBS,A
33,43,V,HA1,outside RBS,A
34,44,E,HA1,outside RBS,A
35,45,R,HA1,outside RBS,A
36,46,T,HA1,outside RBS,A
37,47,N,HA1,outside RBS,A
38,48,I,HA1,outside RBS,A
39,49,P,HA1,outside RBS,A
40,50,R,HA1,outside RBS,A
41,51,I,HA1,outside RBS,A
42,52,C,HA1,outside RBS,A
43,53,S,HA1,outside RBS,A
44,54,K,HA1,outside RBS,A
45,55,G,HA1,outside RBS,A
46,56,K,HA1,outside RBS,A
47,57,R,HA1,outside RBS,A
48,58,T,HA1,outside RBS,A
49,59,V,HA1,outside RBS,A
50,60,D,HA1,outside RBS,A
51,61,L,HA1,outside RBS,A
52,62,G,HA1,outside RBS,A
53,63,Q,HA1,outside RBS,A
54,64,C,HA1,outside RBS,A
55,65,G,HA1,outside RBS,A
56,66,L,HA1,outside RBS,A
57,67,L,HA1,outside RBS,A
58,68,G,HA1,outside RBS,A
59,69,T,HA1,outside RBS,A
60,70,I,HA1,outside RBS,A
61,71,T,HA1,outside RBS,A
62,72,G,HA1,outside RBS,A
63,73,P,HA1,outside RBS,A
64,74,P,HA1,outside RBS,A
65,75,Q,HA1,outside RBS,A
66,76,C,HA1,outside RBS,A
67,77,D,HA1,outside RBS,A
68,78,Q,HA1,outside RBS,A
69,79,F,HA1,outside RBS,A
70,80,L,HA1,outside RBS,A
71,81,E,HA1,outside RBS,A
72,82,F,HA1,outside RBS,A
73,83,S,HA1,outside RBS,A
74,84,A,HA1,outside RBS,A
75,85,D,HA1,outside RBS,A
76,86,L,HA1,outside RBS,A
77,87,I,HA1,outside RBS,A
78,88,I,HA1,outside RBS,A
79,89,E,HA1,outside RBS,A
80,90,R,HA1,outside RBS,A
81,91,R,HA1,outside RBS,A
82,92,E,HA1,outside RBS,A
83,93,G,HA1,outside RBS,A
84,94,S,HA1,outside RBS,A
85,95,D,HA1,outside RBS,A
86,96,V,HA1,outside RBS,A
87,97,C,HA1,outside RBS,A
88,98,Y,HA1,RBS base,A
89,99,P,HA1,outside RBS,A
90,100,G,HA1,outside RBS,A
91,101,K,HA1,outside RBS,A
92,102,F,HA1,outside RBS,A
93,103,V,HA1,outside RBS,A
94,104,N,HA1,outside RBS,A
95,105,E,HA1,outside RBS,A
96,106,E,HA1,outside RBS,A
97,107,A,HA1,outside RBS,A
98,108,L,HA1,outside RBS,A
99,109,R,HA1,outside RBS,A
100,110,Q,HA1,outside RBS,A
101,111,I,HA1,outside RBS,A
102,112,L,HA1,outside RBS,A
103,113,R,HA1,outside RBS,A
104,114,E,HA1,outside RBS,A
105,115,S,HA1,outside RBS,A
106,116,G,HA1,outside RBS,A
107,117,G,HA1,outside RBS,A
108,118,I,HA1,outside RBS,A
109,119,D,HA1,outside RBS,A
110,120,K,HA1,outside RBS,A
111,121,E,HA1,outside RBS,A
112,122,A,HA1,outside RBS,A
113,123,M,HA1,outside RBS,A
114,124,G,HA1,outside RBS,A
115,125,F,HA1,outside RBS,A
116,126,T,HA1,outside RBS,A
117,127,Y,HA1,outside RBS,A
118,128,S,HA1,RBS 130-loop,A
119,129,G,HA1,outside RBS,A
120,130,I,HA1,RBS 130-loop,A
121,131,R,HA1,RBS 130-loop,A
122,132,T,HA1,outside RBS,A
123,133,N,HA1,RBS 130-loop,A
124,134,G,HA1,RBS 130-loop,A
125,135,A,HA1,RBS 130-loop,A
126,136,T,HA1,RBS 130-loop,A
127,137,S,HA1,RBS 130-loop,A
128,138,A,HA1,RBS 130-loop,A
129,139,C,HA1,outside RBS,A
130,140,R,HA1,outside RBS,A
131,141,R,HA1,outside RBS,A
132,143,S,HA1,outside RBS,A
133,144,G,HA1,outside RBS,A
134,145,S,HA1,outside RBS,A
135,146,S,HA1,outside RBS,A
136,147,F,HA1,outside RBS,A
137,148,Y,HA1,outside RBS,A
138,149,A,HA1,outside RBS,A
139,150,E,HA1,outside RBS,A
140,151,M,HA1,outside RBS,A
141,152,K,HA1,outside RBS,A
142,153,W,HA1,RBS base,A
143,154,L,HA1,outside RBS,A
144,155,L,HA1,RBS 150-loop,A
145,156,S,HA1,RBS 150-loop,A
146,157,N,HA1,RBS 150-loop,A
147,158,T,HA1,RBS 150-loop,A
148,158a,D,HA1,RBS 150-loop,A
149,158b,N,HA1,RBS 150-loop,A
150,159,A,HA1,RBS 150-loop,A
151,160,A,HA1,RBS 150-loop,A
152,161,F,HA1,outside RBS,A
153,162,P,HA1,outside RBS,A
154,163,Q,HA1,outside RBS,A
155,164,M,HA1,outside RBS,A
156,165,T,HA1,outside RBS,A
157,166,K,HA1,outside RBS,A
158,167,S,HA1,outside RBS,A
159,168,Y,HA1,outside RBS,A
160,169,K,HA1,outside RBS,A
161,170,N,HA1,outside RBS,A
162,171,T,HA1,outside RBS,A
163,172,R,HA1,outside RBS,A
164,173,K,HA1,outside RBS,A
165,174,S,HA1,outside RBS,A
166,175,P,HA1,outside RBS,A
167,176,A,HA1,outside RBS,A
168,177,L,HA1,outside RBS,A
169,178,I,HA1,outside RBS,A
170,179,V,HA1,outside RBS,A
171,180,W,HA1,outside RBS,A
172,181,G,HA1,outside RBS,A
173,182,I,HA1,outside RBS,A
174,183,H,HA1,RBS base,A
175,184,H,HA1,outside RBS,A
176,185,S,HA1,outside RBS,A
177,186,V,HA1,RBS 190-loop,A
178,187,S,HA1,outside RBS,A
179,188,T,HA1,outside RBS,A
180,189,A,HA1,RBS 190-loop,A
181,190,E,HA1,RBS 190-loop,A
182,191,Q,HA1,RBS 190-loop,A
183,192,T,HA1,RBS 190-loop,A
184,193,K,HA1,RBS 190-loop,A
185,194,L,HA1,RBS 190-loop,A
186,195,Y,HA1,RBS base,A
187,196,G,HA1,RBS 190-loop,A
188,197,S,HA1,RBS 190-loop,A
189,198,G,HA1,RBS 190-loop,A
190,199,N,HA1,outside RBS,A
191,200,K,HA1,outside RBS,A
192,201,L,HA1,outside RBS,A
193,202,V,HA1,outside RBS,A
194,203,T,HA1,outside RBS,A
195,204,V,HA1,outside RBS,A
196,205,G,HA1,outside RBS,A
197,206,S,HA1,outside RBS,A
198,207,S,HA1,outside RBS,A
199,208,N,HA1,outside RBS,A
200,209,Y,HA1,outside RBS,A
201,210,Q,HA1,outside RBS,A
202,211,Q,HA1,outside RBS,A
203,212,S,HA1,outside RBS,A
204,213,F,HA1,outside RBS,A
205,214,V,HA1,outside RBS,A
206,215,P,HA1,outside RBS,A
207,216,S,HA1,outside RBS,A
208,217,P,HA1,outside RBS,A
209,218,G,HA1,outside RBS,A
210,219,A,HA1,outside RBS,A
211,220,R,HA1,RBS 220-loop,A
212,221,P,HA1,RBS 220-loop,A
213,222,Q,HA1,RBS 220-loop,A
214,223,V,HA1,RBS 220-loop,A
215,224,N,HA1,RBS 220-loop,A
216,225,G,HA1,RBS 220-loop,A
217,226,L,HA1,RBS 220-loop,A
218,227,S,HA1,RBS 220-loop,A
219,228,G,HA1,RBS 220-loop,A
220,229,R,HA1,outside RBS,A
221,230,I,HA1,outside RBS,A
222,231,D,HA1,outside RBS,A
223,232,F,HA1,outside RBS,A
224,233,H,HA1,outside RBS,A
225,234,W,HA1,outside RBS,A
226,235,L,HA1,outside RBS,A
227,236,M,HA1,outside RBS,A
228,237,L,HA1,outside RBS,A
229,238,N,HA1,outside RBS,A
230,239,P,HA1,outside RBS,A
231,240,N,HA1,outside RBS,A
232,241,D,HA1,outside RBS,A
233,242,T,HA1,outside RBS,A
234,243,V,HA1,outside RBS,A
235,244,T,HA1,outside RBS,A
236,245,F,HA1,outside RBS,A
237,246,S,HA1,outside RBS,A
238,247,F,HA1,outside RBS,A
239,248,N,HA1,outside RBS,A
240,249,G,HA1,outside RBS,A
241,250,A,HA1,outside RBS,A
242,251,F,HA1,outside RBS,A
243,252,I,HA1,outside RBS,A
244,253,A,HA1,outside RBS,A
245,254,P,HA1,outside RBS,A
246,255,D,HA1,outside RBS,A
247,256,R,HA1,outside RBS,A
248,257,A,HA1,outside RBS,A
249,258,S,HA1,outside RBS,A
250,259,F,HA1,outside RBS,A
251,260,L,HA1,outside RBS,A
252,261,R,HA1,outside RBS,A
253,262,G,HA1,outside RBS,A
254,263,K,HA1,outside RBS,A
255,265,S,HA1,outside RBS,A
256,266,M,HA1,outside RBS,A
257,267,G,HA1,outside RBS,A
258,268,I,HA1,outside RBS,A
259,269,Q,HA1,outside RBS,A
260,270,S,HA1,outside RBS,A
261,271,G,HA1,outside RBS,A
262,272,V,HA1,outside RBS,A
263,273,Q,HA1,outside RBS,A
264,274,V,HA1,outside RBS,A
265,275,D,HA1,outside RBS,A
266,276,A,HA1,outside RBS,A
267,276a,N,HA1,outside RBS,A
268,277,C,HA1,outside RBS,A
269,278,E,HA1,outside RBS,A
270,279,G,HA1,outside RBS,A
271,280,D,HA1,outside RBS,A
272,281,C,HA1,outside RBS,A
273,282,Y,HA1,outside RBS,A
274,283,H,HA1,outside RBS,A
275,284,S,HA1,outside RBS,A
276,285,G,HA1,outside RBS,A
277,286,G,HA1,outside RBS,A
278,287,T,HA1,outside RBS,A
279,288,I,HA1,outside RBS,A
280,289,I,HA1,outside RBS,A
281,290,S,HA1,outside RBS,A
282,291,N,HA1,outside RBS,A
283,292,L,HA1,outside RBS,A
284,293,P,HA1,outside RBS,A
285,294,F,HA1,outside RBS,A
286,295,Q,HA1,outside RBS,A
287,296,N,HA1,outside RBS,A
288,297,I,HA1,outside RBS,A
289,298,D,HA1,outside RBS,A
290,299,S,HA1,outside RBS,A
291,300,R,HA1,outside RBS,A
292,301,A,HA1,outside RBS,A
293,302,V,HA1,outside RBS,A
294,303,G,HA1,outside RBS,A
295,304,K,HA1,outside RBS,A
296,305,C,HA1,outside RBS,A
297,306,P,HA1,outside RBS,A
298,307,R,HA1,outside RBS,A
299,308,Y,HA1,outside RBS,A
300,309,V,HA1,outside RBS,A
301,310,K,HA1,outside RBS,A
302,311,Q,HA1,outside RBS,A
303,312,R,HA1,outside RBS,A
304,313,S,HA1,outside RBS,A
305,314,L,HA1,outside RBS,A
306,315,L,HA1,outside RBS,A
307,316,L,HA1,outside RBS,A
308,317,A,HA1,outside RBS,A
309,318,T,HA1,outside RBS,A
310,319,G,HA1,outside RBS,A
311,320,M,HA1,outside RBS,A
312,321,K,HA1,outside RBS,A
313,322,N,HA1,outside RBS,A
314,323,V,HA1,outside RBS,A
315,324,P,HA1,outside RBS,A
316,325,E,HA1,outside RBS,A
317,325a,I,HA1,outside RBS,A
318,326,P,HA1,outside RBS,A
319,327,K,HA1,outside RBS,A
320,328,G,HA1,outside RBS,A
321,329,R,HA1,outside RBS,A
322,330,G,HA2,outside RBS,B
323,331,L,HA2,outside RBS,B
324,332,F,HA2,outside RBS,B
325,333,G,HA2,outside RBS,B
326,334,A,HA2,outside RBS,B
327,335,I,HA2,outside RBS,B
328,336,A,HA2,outside RBS,B
329,337,G,HA2,outside RBS,B
330,338,F,HA2,outside RBS,B
331,339,I,HA2,outside RBS,B
332,340,E,HA2,outside RBS,B
333,341,N,HA2,outside RBS,B
334,342,G,HA2,outside RBS,B
335,343,W,HA2,outside RBS,B
336,344,E,HA2,outside RBS,B
337,345,G,HA2,outside RBS,B
338,346,L,HA2,outside RBS,B
339,347,I,HA2,outside RBS,B
340,348,D,HA2,outside RBS,B
341,349,G,HA2,outside RBS,B
342,350,W,HA2,outside RBS,B
343,351,Y,HA2,outside RBS,B
344,352,G,HA2,outside RBS,B
345,353,F,HA2,outside RBS,B
346,354,R,HA2,outside RBS,B
347,355,H,HA2,outside RBS,B
348,356,Q,HA2,outside RBS,B
349,357,N,HA2,outside RBS,B
350,358,A,HA2,outside RBS,B
351,359,Q,HA2,outside RBS,B
352,360,G,HA2,outside RBS,B
353,361,E,HA2,outside RBS,B
354,362,G,HA2,outside RBS,B
355,363,T,HA2,outside RBS,B
356,364,A,HA2,outside RBS,B
357,365,A,HA2,outside RBS,B
358,366,D,HA2,outside RBS,B
359,367,Y,HA2,outside RBS,B
360,368,K,HA2,outside RBS,B
361,369,S,HA2,outside RBS,B
362,370,T,HA2,outside RBS,B
363,371,Q,HA2,outside RBS,B
364,372,S,HA2,outside RBS,B
365,373,A,HA2,outside RBS,B
366,374,I,HA2,outside RBS,B
367,375,D,HA2,outside RBS,B
368,376,Q,HA2,outside RBS,B
369,377,I,HA2,outside RBS,B
370,378,T,HA2,outside RBS,B
371,379,G,HA2,outside RBS,B
372,380,K,HA2,outside RBS,B
373,381,L,HA2,outside RBS,B
374,382,N,HA2,outside RBS,B
375,383,R,HA2,outside RBS,B
376,384,L,HA2,outside RBS,B
377,385,I,HA2,outside RBS,B
378,386,E,HA2,outside RBS,B
379,387,K,HA2,outside RBS,B
380,388,T,HA2,outside RBS,B
381,389,N,HA2,outside RBS,B
382,390,Q,HA2,outside RBS,B
383,391,Q,HA2,outside RBS,B
384,392,F,HA2,outside RBS,B
385,393,E,HA2,outside RBS,B
386,394,L,HA2,outside RBS,B
387,395,I,HA2,outside RBS,B
388,396,D,HA2,outside RBS,B
389,397,N,HA2,outside RBS,B
390,398,E,HA2,outside RBS,B
391,399,F,HA2,outside RBS,B
392,400,N,HA2,outside RBS,B
393,401,E,HA2,outside RBS,B
394,402,V,HA2,outside RBS,B
395,403,E,HA2,outside RBS,B
396,404,K,HA2,outside RBS,B
397,405,Q,HA2,outside RBS,B
398,406,I,HA2,outside RBS,B
399,407,G,HA2,outside RBS,B
400,408,N,HA2,outside RBS,B
401,409,V,HA2,outside RBS,B
402,410,I,HA2,outside RBS,B
403,411,N,HA2,outside RBS,B
404,412,W,HA2,outside RBS,B
405,413,T,HA2,outside RBS,B
406,414,R,HA2,outside RBS,B
407,415,D,HA2,outside RBS,B
408,416,S,HA2,outside RBS,B
409,417,I,HA2,outside RBS,B
410,418,T,HA2,outside RBS,B
411,419,E,HA2,outside RBS,B
412,420,V,HA2,outside RBS,B
413,421,W,HA2,outside RBS,B
414,422,S,HA2,outside RBS,B
415,423,Y,HA2,outside RBS,B
416,424,N,HA2,outside RBS,B
417,425,A,HA2,outside RBS,B
418,426,E,HA2,outside RBS,B
419,427,L,HA2,outside RBS,B
420,428,L,HA2,outside RBS,B
421,429,V,HA2,outside RBS,B
422,430,A,HA2,outside RBS,B
423,431,M,HA2,outside RBS,B
424,432,E,HA2,outside RBS,B
425,433,N,HA2,outside RBS,B
426,434,Q,HA2,outside RBS,B
427,435,H,HA2,outside RBS,B
428,436,T,HA2,outside RBS,B
429,437,I,HA2,outside RBS,B
430,438,D,HA2,outside RBS,B
431,439,L,HA2,outside RBS,B
432,440,A,HA2,outside RBS,B
433,441,D,HA2,outside RBS,B
434,442,S,HA2,outside RBS,B
435,443,E,HA2,outside RBS,B
436,444,M,HA2,outside RBS,B
437,445,D,HA2,outside RBS,B
438,446,K,HA2,outside RBS,B
439,447,L,HA2,outside RBS,B
440,448,Y,HA2,outside RBS,B
441,449,E,HA2,outside RBS,B
442,450,R,HA2,outside RBS,B
443,451,V,HA2,outside RBS,B
444,452,K,HA2,outside RBS,B
445,453,R,HA2,outside RBS,B
446,454,Q,HA2,outside RBS,B
447,455,L,HA2,outside RBS,B
448,456,R,HA2,outside RBS,B
449,457,E,HA2,outside RBS,B
450,458,N,HA2,outside RBS,B
451,459,A,HA2,outside RBS,B
452,460,E,HA2,outside RBS,B
453,461,E,HA2,outside RBS,B
454,462,D,HA2,outside RBS,B
455,463,G,HA2,outside RBS,B
456,464,T,HA2,outside RBS,B
457,465,G,HA2,outside RBS,B
458,466,C,HA2,outside RBS,B
459,467,F,HA2,outside RBS,B
460,468,E,HA2,outside RBS,B
461,469,I,HA2,outside RBS,B
462,470,F,HA2,outside RBS,B
463,471,H,HA2,outside RBS,B
464,472,K,HA2,outside RBS,B
465,473,C,HA2,outside RBS,B
466,474,D,HA2,outside RBS,B
467,475,D,HA2,outside RBS,B
468,476,D,HA2,outside RBS,B
469,477,C,HA2,outside RBS,B
470,478,M,HA2,outside RBS,B
471,479,A,HA2,outside RBS,B
472,480,S,HA2,outside RBS,B
473,481,I,HA2,outside RBS,B
474,482,R,HA2,outside RBS,B
475,483,N,HA2,outside RBS,B
476,484,N,HA2,outside RBS,B
477,485,T,HA2,outside RBS,B
478,486,Y,HA2,outside RBS,B
479,487,D,HA2,outside RBS,B
480,488,H,HA2,outside RBS,B
481,489,S,HA2,outside RBS,B
482,490,K,HA2,outside RBS,B
483,491,Y,HA2,outside RBS,B
484,492,R,HA2,outside RBS,B
485,493,E,HA2,outside RBS,B
486,494,E,HA2,outside RBS,B
487,495,A,HA2,outside RBS,B
488,496,M,HA2,outside RBS,B
489,497,Q,HA2,outside RBS,B
490,498,N,HA2,outside RBS,B
491,499,R,HA2,outside RBS,B
492,500,I,HA2,outside RBS,B
493,501,Q,HA2,outside RBS,B
494,502,I,HA2,outside RBS,B
495,503,D,HA2,outside RBS,B
496,504,P,HA2,outside RBS,B
497,505,V,HA2,outside RBS,B
498,506,K,HA2,outside RBS,B
499,507,L,HA2,outside RBS,B
500,508,S,HA2,outside RBS,B
501,509,S,HA2,outside RBS,B
502,510,G,HA2,outside RBS,B
503,511,Y,HA2,outside RBS,B
504,512,K,HA2,outside RBS,B
505,513,D,HA2,outside RBS,B
506,514,V,HA2,outside RBS,B
